{
  "Sheet1": [
    {
      "A": "Storage accounts should disable public network access",
      "B": "To improve the security of Storage Accounts, ensure that they aren't exposed to the public internet and can only be accessed from a private endpoint. Disable the public network access property as described in https://aka.ms/storageaccountpublicnetworkaccess. This option disables access from any public address space outside the Azure IP range, and denies all logins that match IP or virtual network-based firewall rules. This reduces data leakage risks.",
      "C": "b2982f36-99f2-4db5-8eff-283140c09693"
    },
    {
      "A": "Table Storage should use customer-managed key for encryption",
      "B": "Secure your table storage with greater flexibility using customer-managed keys. When you specify a customer-managed key, that key is used to protect and control access to the key that encrypts your data. Using customer-managed keys provides additional capabilities to control rotation of the key encryption key or cryptographically erase data.",
      "C": "7c322315-e26d-4174-a99e-f49d351b4688"
    },
    {
      "A": "Azure NetApp Files SMB Volumes should use SMB3 encryption",
      "B": "Disallow the creation of SMB Volumes without SMB3 encryption to ensure data integrity and data privacy.",
      "C": "ddcf4b94-9dfa-4a80-aca6-22bb654fde72"
    },
    {
      "A": "Secure transfer to storage accounts should be enabled",
      "B": "Audit requirement of Secure transfer in your storage account. Secure transfer is an option that forces your storage account to accept requests only from secure connections (HTTPS). Use of HTTPS ensures authentication between the server and the service and protects data in transit from network layer attacks such as man-in-the-middle, eavesdropping, and session-hijacking",
      "C": "404c3081-a854-4457-ae30-26a93ef643f9"
    },
    {
      "A": "Storage accounts should have the specified minimum TLS version",
      "B": "Configure a minimum TLS version for secure communication between the client application and the storage account. To minimize security risk, the recommended minimum TLS version is the latest released version, which is currently TLS 1.2.",
      "C": "fe83a0eb-a853-422d-aac2-1bffd182c5d0"
    },
    {
      "A": "Azure NetApp Files Volumes should not use NFSv3 protocol type",
      "B": "Disallow the use of NFSv3 protocol type to prevent unsecure access to volumes. NFSv4.1 with Kerberos protocol should be used to access NFS volumes to ensure data integrity and encryption.",
      "C": "d558e1a6-296d-4fbb-81a5-ea25822639f6"
    },
    {
      "A": "Storage accounts should use private link",
      "B": "Azure Private Link lets you connect your virtual network to Azure services without a public IP address at the source or destination. The Private Link platform handles the connectivity between the consumer and services over the Azure backbone network. By mapping private endpoints to your storage account, data leakage risks are reduced. Learn more about private links at - https://aka.ms/azureprivatelinkoverview",
      "C": "6edd7eda-6dd8-40f7-810d-67160c639cd9"
    },
    {
      "A": "Storage accounts should have infrastructure encryption",
      "B": "Enable infrastructure encryption for higher level of assurance that the data is secure. When infrastructure encryption is enabled, data in a storage account is encrypted twice.",
      "C": "4733ea7b-a883-42fe-8cac-97454c2a9e4a"
    },
    {
      "A": "Geo-redundant storage should be enabled for Storage Accounts",
      "B": "Use geo-redundancy to create highly available applications",
      "C": "bf045164-79ba-4215-8f95-f8048dc1780b"
    },
    {
      "A": "Public network access should be disabled for Azure File Sync",
      "B": "Disabling the public endpoint allows you to restrict access to your Storage Sync Service resource to requests destined to approved private endpoints on your organization's network. There is nothing inherently insecure about allowing requests to the public endpoint, however, you may wish to disable it to meet regulatory, legal, or organizational policy requirements. You can disable the public endpoint for a Storage Sync Service by setting the incomingTrafficPolicy of the resource to AllowVirtualNetworksOnly.",
      "C": "21a8cd35-125e-4d13-b82d-2e19b7208bb7"
    },
    {
      "A": "Storage accounts should restrict network access",
      "B": "Network access to storage accounts should be restricted. Configure network rules so only applications from allowed networks can access the storage account. To allow connections from specific internet or on-premises clients, access can be granted to traffic from specific Azure virtual networks or to public internet IP address ranges",
      "C": "34c877ad-507e-4c82-993e-3452a6e0ad3c"
    },
    {
      "A": "SA encryption scopes should use double encryption at rest",
      "B": "Enable infrastructure encryption for encryption at rest of your storage account encryption scopes for added security. Infrastructure encryption ensures that your data is encrypted twice.",
      "C": "bfecdea6-31c4-4045-ad42-71b9dc87247d"
    },
    {
      "A": "Storage accounts should use customer-managed key for encryption",
      "B": "Secure your blob and file storage account with greater flexibility using customer-managed keys. When you specify a customer-managed key, that key is used to protect and control access to the key that encrypts your data. Using customer-managed keys provides additional capabilities to control rotation of the key encryption key or cryptographically erase data.",
      "C": "6fac406b-40ca-413b-bf8e-0bf964659c25"
    },
    {
      "A": "Storage accounts should prevent cross tenant object replication",
      "B": "Audit restriction of object replication for your storage account. By default, users can configure object replication with a source storage account in one Azure AD tenant and a destination account in a different tenant. It is a security concern because customer's data can be replicated to a storage account that is owned by the customer. By setting allowCrossTenantReplication to false, objects replication can be configured only if both source and destination accounts are in the same Azure AD tenant.",
      "C": "92a89a79-6c52-4a7e-a03f-61306fc49312"
    },
    {
      "A": "Azure File Sync should use private link",
      "B": "Creating a private endpoint for the indicated Storage Sync Service resource allows you to address your Storage Sync Service resource from within the private IP address space of your organization's network, rather than through the internet-accessible public endpoint. Creating a private endpoint by itself does not disable the public endpoint.",
      "C": "1d320205-c6a1-4ac6-873d-46224024e8e2"
    },
    {
      "A": "SAs should have shared access signature policies configured",
      "B": "Ensure storage accounts have shared access signature (SAS) expiration policy enabled. Users use a SAS to delegate access to resources in Azure Storage account. And SAS expiration policy recommend upper expiration limit when a user creates a SAS token.",
      "C": "bc1b984e-ddae-40cc-801a-050a030e4fbe"
    },
    {
      "A": "SAs should allow access from trusted Microsoft services",
      "B": "Some Microsoft services that interact with storage accounts operate from networks that can't be granted access through network rules. To help this type of service work as intended, allow the set of trusted Microsoft services to bypass the network rules. These services will then use strong authentication to access the storage account.",
      "C": "c9d007d0-c057-4772-b18c-01e546713bcd"
    },
    {
      "A": "Storage account keys should not be expired",
      "B": "Ensure the user storage account keys are not expired when key expiration policy is set, for improving security of account keys by taking action when the keys are expired.",
      "C": "044985bb-afe1-42cd-8a36-9d5d42424537"
    },
    {
      "A": "Storage accounts should prevent shared key access",
      "B": "Audit requirement of Azure Active Directory (Azure AD) to authorize requests for your storage account. By default, requests can be authorized with either Azure Active Directory credentials, or by using the account access key for Shared Key authorization. Of these two types of authorization, Azure AD provides superior security and ease of use over Shared Key, and is recommended by Microsoft.",
      "C": "8c6a50c6-9ffd-4ae7-986f-5fa6111f9a54"
    }
  ]
}